invoice,items,jumlah
1,pepsodent,2
1,uc_lemon,0
1,uc_orange,3
1,yakult,1
2,pepsodent,4
2,uc_lemon,3
2,uc_orange,2
2,yakult,4
3,pepsodent,3
3,uc_lemon,2
3,uc_orange,4
3,yakult,2
4,pepsodent,2
4,uc_lemon,3
4,uc_orange,4
4,yakult,2
5,pepsodent,3
5,uc_lemon,3
5,uc_orange,2
5,yakult,2
6,pepsodent,1
6,uc_lemon,2
6,uc_orange,0
6,yakult,0
7,pepsodent,0
7,uc_lemon,0
7,uc_orange,4
7,yakult,4
8,pepsodent,2
8,uc_lemon,3
8,uc_orange,1
8,yakult,3
9,pepsodent,1
9,uc_lemon,2
9,uc_orange,2
9,yakult,0
10,pepsodent,4
10,uc_lemon,2
10,uc_orange,0
10,yakult,3
11,pepsodent,3
11,uc_lemon,2
11,uc_orange,0
11,yakult,1
12,pepsodent,0
12,uc_lemon,4
12,uc_orange,3
12,yakult,3
13,pepsodent,3
13,uc_lemon,0
13,uc_orange,3
13,yakult,4
14,pepsodent,3
14,uc_lemon,2
14,uc_orange,4
14,yakult,4
15,pepsodent,1
15,uc_lemon,0
15,uc_orange,0
15,yakult,3
16,pepsodent,3
16,uc_lemon,4
16,uc_orange,4
16,yakult,0
17,pepsodent,0
17,uc_lemon,3
17,uc_orange,1
17,yakult,2
18,pepsodent,2
18,uc_lemon,1
18,uc_orange,4
18,yakult,4
19,pepsodent,4
19,uc_lemon,1
19,uc_orange,0
19,yakult,0
20,pepsodent,4
20,uc_lemon,1
20,uc_orange,3
20,yakult,4
21,pepsodent,4
21,uc_lemon,1
21,uc_orange,4
21,yakult,1
22,pepsodent,4
22,uc_lemon,2
22,uc_orange,0
22,yakult,2
23,pepsodent,1
23,uc_lemon,2
23,uc_orange,4
23,yakult,1
24,pepsodent,1
24,uc_lemon,4
24,uc_orange,3
24,yakult,4
25,pepsodent,0
25,uc_lemon,4
25,uc_orange,3
25,yakult,1
26,pepsodent,2
26,uc_lemon,0
26,uc_orange,0
26,yakult,3
27,pepsodent,3
27,uc_lemon,0
27,uc_orange,3
27,yakult,0
28,pepsodent,2
28,uc_lemon,3
28,uc_orange,0
28,yakult,1
29,pepsodent,2
29,uc_lemon,3
29,uc_orange,0
29,yakult,3
30,pepsodent,2
30,uc_lemon,3
30,uc_orange,0
30,yakult,3
31,pepsodent,1
31,uc_lemon,4
31,uc_orange,3
31,yakult,1
32,pepsodent,2
32,uc_lemon,4
32,uc_orange,1
32,yakult,1
33,pepsodent,0
33,uc_lemon,0
33,uc_orange,2
33,yakult,1
34,pepsodent,0
34,uc_lemon,4
34,uc_orange,0
34,yakult,1
35,pepsodent,1
35,uc_lemon,4
35,uc_orange,1
35,yakult,2
36,pepsodent,2
36,uc_lemon,4
36,uc_orange,3
36,yakult,2
37,pepsodent,4
37,uc_lemon,2
37,uc_orange,0
37,yakult,4
38,pepsodent,2
38,uc_lemon,4
38,uc_orange,3
38,yakult,3
39,pepsodent,3
39,uc_lemon,2
39,uc_orange,0
39,yakult,2
40,pepsodent,4
40,uc_lemon,2
40,uc_orange,3
40,yakult,4
41,pepsodent,1
41,uc_lemon,3
41,uc_orange,1
41,yakult,3
42,pepsodent,2
42,uc_lemon,1
42,uc_orange,1
42,yakult,2
43,pepsodent,4
43,uc_lemon,2
43,uc_orange,1
43,yakult,0
44,pepsodent,1
44,uc_lemon,4
44,uc_orange,4
44,yakult,2
45,pepsodent,4
45,uc_lemon,1
45,uc_orange,1
45,yakult,0
46,pepsodent,2
46,uc_lemon,1
46,uc_orange,4
46,yakult,3
47,pepsodent,3
47,uc_lemon,1
47,uc_orange,4
47,yakult,2
48,pepsodent,3
48,uc_lemon,2
48,uc_orange,4
48,yakult,4
49,pepsodent,0
49,uc_lemon,0
49,uc_orange,2
49,yakult,0
50,pepsodent,3
50,uc_lemon,4
50,uc_orange,4
50,yakult,3
51,pepsodent,3
51,uc_lemon,2
51,uc_orange,0
51,yakult,2
52,pepsodent,0
52,uc_lemon,4
52,uc_orange,3
52,yakult,3
53,pepsodent,2
53,uc_lemon,3
53,uc_orange,1
53,yakult,4
54,pepsodent,3
54,uc_lemon,1
54,uc_orange,0
54,yakult,0
55,pepsodent,0
55,uc_lemon,1
55,uc_orange,3
55,yakult,3
56,pepsodent,3
56,uc_lemon,4
56,uc_orange,1
56,yakult,3
57,pepsodent,0
57,uc_lemon,0
57,uc_orange,3
57,yakult,4
58,pepsodent,4
58,uc_lemon,4
58,uc_orange,3
58,yakult,3
59,pepsodent,3
59,uc_lemon,1
59,uc_orange,4
59,yakult,4
60,pepsodent,4
60,uc_lemon,1
60,uc_orange,0
60,yakult,2
61,pepsodent,3
61,uc_lemon,1
61,uc_orange,2
61,yakult,3
62,pepsodent,0
62,uc_lemon,2
62,uc_orange,3
62,yakult,0
63,pepsodent,0
63,uc_lemon,4
63,uc_orange,4
63,yakult,0
64,pepsodent,1
64,uc_lemon,3
64,uc_orange,3
64,yakult,1
65,pepsodent,3
65,uc_lemon,3
65,uc_orange,2
65,yakult,4
66,pepsodent,0
66,uc_lemon,0
66,uc_orange,4
66,yakult,1
67,pepsodent,4
67,uc_lemon,1
67,uc_orange,4
67,yakult,2
68,pepsodent,3
68,uc_lemon,3
68,uc_orange,2
68,yakult,1
69,pepsodent,1
69,uc_lemon,1
69,uc_orange,3
69,yakult,4
70,pepsodent,2
70,uc_lemon,4
70,uc_orange,3
70,yakult,4
71,pepsodent,1
71,uc_lemon,2
71,uc_orange,3
71,yakult,1
72,pepsodent,2
72,uc_lemon,4
72,uc_orange,1
72,yakult,4
73,pepsodent,4
73,uc_lemon,3
73,uc_orange,1
73,yakult,4
74,pepsodent,0
74,uc_lemon,2
74,uc_orange,2
74,yakult,4
75,pepsodent,2
75,uc_lemon,2
75,uc_orange,3
75,yakult,4
76,pepsodent,4
76,uc_lemon,0
76,uc_orange,4
76,yakult,4
77,pepsodent,1
77,uc_lemon,2
77,uc_orange,2
77,yakult,0
78,pepsodent,4
78,uc_lemon,2
78,uc_orange,4
78,yakult,0
79,pepsodent,1
79,uc_lemon,2
79,uc_orange,2
79,yakult,3
80,pepsodent,1
80,uc_lemon,4
80,uc_orange,1
80,yakult,3
81,pepsodent,0
81,uc_lemon,2
81,uc_orange,3
81,yakult,1
82,pepsodent,3
82,uc_lemon,2
82,uc_orange,1
82,yakult,1
83,pepsodent,4
83,uc_lemon,1
83,uc_orange,0
83,yakult,2
84,pepsodent,0
84,uc_lemon,1
84,uc_orange,4
84,yakult,3
85,pepsodent,3
85,uc_lemon,1
85,uc_orange,2
85,yakult,1
86,pepsodent,4
86,uc_lemon,2
86,uc_orange,1
86,yakult,2
87,pepsodent,3
87,uc_lemon,0
87,uc_orange,0
87,yakult,0
88,pepsodent,1
88,uc_lemon,3
88,uc_orange,0
88,yakult,3
89,pepsodent,0
89,uc_lemon,1
89,uc_orange,4
89,yakult,0
90,pepsodent,4
90,uc_lemon,4
90,uc_orange,2
90,yakult,1
91,pepsodent,0
91,uc_lemon,4
91,uc_orange,2
91,yakult,0
92,pepsodent,1
92,uc_lemon,3
92,uc_orange,1
92,yakult,2
93,pepsodent,3
93,uc_lemon,0
93,uc_orange,2
93,yakult,3
94,pepsodent,4
94,uc_lemon,3
94,uc_orange,2
94,yakult,1
95,pepsodent,4
95,uc_lemon,2
95,uc_orange,2
95,yakult,2
96,pepsodent,3
96,uc_lemon,4
96,uc_orange,2
96,yakult,2
97,pepsodent,0
97,uc_lemon,0
97,uc_orange,3
97,yakult,4
98,pepsodent,4
98,uc_lemon,0
98,uc_orange,1
98,yakult,0
99,pepsodent,2
99,uc_lemon,0
99,uc_orange,2
99,yakult,0
100,pepsodent,1
100,uc_lemon,3
100,uc_orange,4
100,yakult,1
101,pepsodent,4
101,uc_lemon,0
101,uc_orange,1
101,yakult,4
102,pepsodent,0
102,uc_lemon,1
102,uc_orange,1
102,yakult,1
103,pepsodent,3
103,uc_lemon,1
103,uc_orange,1
103,yakult,4
104,pepsodent,2
104,uc_lemon,3
104,uc_orange,3
104,yakult,0
105,pepsodent,2
105,uc_lemon,2
105,uc_orange,3
105,yakult,2
106,pepsodent,4
106,uc_lemon,1
106,uc_orange,4
106,yakult,2
107,pepsodent,1
107,uc_lemon,0
107,uc_orange,1
107,yakult,1
108,pepsodent,4
108,uc_lemon,4
108,uc_orange,1
108,yakult,2
109,pepsodent,4
109,uc_lemon,2
109,uc_orange,1
109,yakult,2
110,pepsodent,3
110,uc_lemon,4
110,uc_orange,3
110,yakult,4
111,pepsodent,2
111,uc_lemon,0
111,uc_orange,0
111,yakult,2
112,pepsodent,2
112,uc_lemon,1
112,uc_orange,4
112,yakult,1
113,pepsodent,2
113,uc_lemon,4
113,uc_orange,2
113,yakult,2
114,pepsodent,4
114,uc_lemon,3
114,uc_orange,2
114,yakult,0
115,pepsodent,4
115,uc_lemon,1
115,uc_orange,1
115,yakult,3
116,pepsodent,2
116,uc_lemon,1
116,uc_orange,2
116,yakult,3
117,pepsodent,0
117,uc_lemon,4
117,uc_orange,3
117,yakult,2
118,pepsodent,3
118,uc_lemon,1
118,uc_orange,1
118,yakult,4
119,pepsodent,1
119,uc_lemon,0
119,uc_orange,1
119,yakult,2
120,pepsodent,3
120,uc_lemon,3
120,uc_orange,4
120,yakult,2
121,pepsodent,0
121,uc_lemon,2
121,uc_orange,4
121,yakult,3
122,pepsodent,3
122,uc_lemon,2
122,uc_orange,3
122,yakult,4
123,pepsodent,0
123,uc_lemon,3
123,uc_orange,3
123,yakult,3
124,pepsodent,4
124,uc_lemon,2
124,uc_orange,2
124,yakult,0
125,pepsodent,3
125,uc_lemon,1
125,uc_orange,4
125,yakult,1
126,pepsodent,0
126,uc_lemon,0
126,uc_orange,0
126,yakult,2
127,pepsodent,0
127,uc_lemon,0
127,uc_orange,0
127,yakult,4
128,pepsodent,1
128,uc_lemon,4
128,uc_orange,3
128,yakult,2
129,pepsodent,0
129,uc_lemon,2
129,uc_orange,0
129,yakult,3
130,pepsodent,0
130,uc_lemon,1
130,uc_orange,2
130,yakult,3
131,pepsodent,2
131,uc_lemon,1
131,uc_orange,4
131,yakult,2
132,pepsodent,3
132,uc_lemon,3
132,uc_orange,2
132,yakult,3
133,pepsodent,0
133,uc_lemon,1
133,uc_orange,1
133,yakult,0
134,pepsodent,3
134,uc_lemon,3
134,uc_orange,3
134,yakult,1
135,pepsodent,3
135,uc_lemon,3
135,uc_orange,4
135,yakult,1
136,pepsodent,3
136,uc_lemon,2
136,uc_orange,3
136,yakult,4
137,pepsodent,0
137,uc_lemon,1
137,uc_orange,0
137,yakult,0
138,pepsodent,4
138,uc_lemon,0
138,uc_orange,4
138,yakult,4
139,pepsodent,0
139,uc_lemon,1
139,uc_orange,0
139,yakult,3
140,pepsodent,4
140,uc_lemon,1
140,uc_orange,4
140,yakult,1
141,pepsodent,2
141,uc_lemon,3
141,uc_orange,4
141,yakult,3
142,pepsodent,4
142,uc_lemon,0
142,uc_orange,4
142,yakult,3
143,pepsodent,3
143,uc_lemon,0
143,uc_orange,4
143,yakult,1
144,pepsodent,3
144,uc_lemon,1
144,uc_orange,4
144,yakult,1
145,pepsodent,1
145,uc_lemon,0
145,uc_orange,4
145,yakult,4
146,pepsodent,3
146,uc_lemon,4
146,uc_orange,0
146,yakult,3
147,pepsodent,1
147,uc_lemon,2
147,uc_orange,0
147,yakult,3
148,pepsodent,4
148,uc_lemon,3
148,uc_orange,2
148,yakult,3
149,pepsodent,0
149,uc_lemon,4
149,uc_orange,2
149,yakult,0
150,pepsodent,4
150,uc_lemon,4
150,uc_orange,3
150,yakult,0
151,pepsodent,0
151,uc_lemon,1
151,uc_orange,2
151,yakult,1
152,pepsodent,0
152,uc_lemon,0
152,uc_orange,2
152,yakult,4
153,pepsodent,2
153,uc_lemon,0
153,uc_orange,1
153,yakult,3
154,pepsodent,2
154,uc_lemon,3
154,uc_orange,0
154,yakult,2
155,pepsodent,0
155,uc_lemon,1
155,uc_orange,4
155,yakult,3
156,pepsodent,1
156,uc_lemon,1
156,uc_orange,2
156,yakult,4
157,pepsodent,1
157,uc_lemon,1
157,uc_orange,2
157,yakult,4
158,pepsodent,1
158,uc_lemon,3
158,uc_orange,4
158,yakult,1
159,pepsodent,4
159,uc_lemon,1
159,uc_orange,3
159,yakult,0
160,pepsodent,3
160,uc_lemon,2
160,uc_orange,1
160,yakult,2
161,pepsodent,0
161,uc_lemon,1
161,uc_orange,0
161,yakult,3
162,pepsodent,0
162,uc_lemon,0
162,uc_orange,0
162,yakult,2
163,pepsodent,4
163,uc_lemon,0
163,uc_orange,1
163,yakult,3
164,pepsodent,3
164,uc_lemon,3
164,uc_orange,0
164,yakult,1
165,pepsodent,1
165,uc_lemon,4
165,uc_orange,0
165,yakult,0
166,pepsodent,1
166,uc_lemon,4
166,uc_orange,3
166,yakult,4
167,pepsodent,3
167,uc_lemon,3
167,uc_orange,0
167,yakult,4
168,pepsodent,3
168,uc_lemon,0
168,uc_orange,1
168,yakult,1
169,pepsodent,2
169,uc_lemon,3
169,uc_orange,4
169,yakult,1
170,pepsodent,2
170,uc_lemon,1
170,uc_orange,2
170,yakult,1
171,pepsodent,4
171,uc_lemon,0
171,uc_orange,2
171,yakult,1
172,pepsodent,3
172,uc_lemon,1
172,uc_orange,1
172,yakult,4
173,pepsodent,2
173,uc_lemon,0
173,uc_orange,0
173,yakult,1
174,pepsodent,2
174,uc_lemon,1
174,uc_orange,0
174,yakult,3
175,pepsodent,3
175,uc_lemon,1
175,uc_orange,0
175,yakult,4
176,pepsodent,2
176,uc_lemon,1
176,uc_orange,0
176,yakult,0
177,pepsodent,0
177,uc_lemon,0
177,uc_orange,0
177,yakult,0
178,pepsodent,0
178,uc_lemon,4
178,uc_orange,0
178,yakult,0
179,pepsodent,4
179,uc_lemon,1
179,uc_orange,3
179,yakult,4
180,pepsodent,4
180,uc_lemon,2
180,uc_orange,2
180,yakult,4
181,pepsodent,3
181,uc_lemon,0
181,uc_orange,1
181,yakult,1
182,pepsodent,1
182,uc_lemon,2
182,uc_orange,2
182,yakult,2
183,pepsodent,4
183,uc_lemon,3
183,uc_orange,2
183,yakult,2
184,pepsodent,3
184,uc_lemon,2
184,uc_orange,3
184,yakult,1
185,pepsodent,3
185,uc_lemon,0
185,uc_orange,4
185,yakult,1
186,pepsodent,1
186,uc_lemon,4
186,uc_orange,3
186,yakult,4
187,pepsodent,2
187,uc_lemon,0
187,uc_orange,2
187,yakult,1
188,pepsodent,0
188,uc_lemon,3
188,uc_orange,3
188,yakult,4
189,pepsodent,1
189,uc_lemon,4
189,uc_orange,1
189,yakult,3
190,pepsodent,2
190,uc_lemon,4
190,uc_orange,0
190,yakult,4
191,pepsodent,3
191,uc_lemon,1
191,uc_orange,4
191,yakult,3
192,pepsodent,0
192,uc_lemon,1
192,uc_orange,0
192,yakult,2
193,pepsodent,2
193,uc_lemon,1
193,uc_orange,4
193,yakult,1
194,pepsodent,4
194,uc_lemon,0
194,uc_orange,2
194,yakult,0
195,pepsodent,1
195,uc_lemon,3
195,uc_orange,0
195,yakult,1
196,pepsodent,0
196,uc_lemon,1
196,uc_orange,3
196,yakult,3
197,pepsodent,2
197,uc_lemon,0
197,uc_orange,2
197,yakult,3
198,pepsodent,2
198,uc_lemon,1
198,uc_orange,2
198,yakult,3
199,pepsodent,4
199,uc_lemon,0
199,uc_orange,2
199,yakult,4
200,pepsodent,1
200,uc_lemon,4
200,uc_orange,1
200,yakult,0
201,pepsodent,3
201,uc_lemon,4
201,uc_orange,3
201,yakult,1
202,pepsodent,3
202,uc_lemon,1
202,uc_orange,0
202,yakult,3
203,pepsodent,4
203,uc_lemon,3
203,uc_orange,2
203,yakult,3
204,pepsodent,2
204,uc_lemon,2
204,uc_orange,4
204,yakult,4
205,pepsodent,4
205,uc_lemon,2
205,uc_orange,2
205,yakult,0
206,pepsodent,0
206,uc_lemon,4
206,uc_orange,2
206,yakult,2
207,pepsodent,0
207,uc_lemon,1
207,uc_orange,3
207,yakult,2
208,pepsodent,2
208,uc_lemon,3
208,uc_orange,1
208,yakult,3
209,pepsodent,1
209,uc_lemon,0
209,uc_orange,4
209,yakult,3
210,pepsodent,0
210,uc_lemon,3
210,uc_orange,3
210,yakult,3
211,pepsodent,2
211,uc_lemon,1
211,uc_orange,2
211,yakult,2
212,pepsodent,3
212,uc_lemon,1
212,uc_orange,3
212,yakult,3
213,pepsodent,0
213,uc_lemon,4
213,uc_orange,4
213,yakult,2
214,pepsodent,1
214,uc_lemon,1
214,uc_orange,3
214,yakult,2
215,pepsodent,2
215,uc_lemon,0
215,uc_orange,4
215,yakult,4
216,pepsodent,4
216,uc_lemon,2
216,uc_orange,1
216,yakult,2
217,pepsodent,3
217,uc_lemon,3
217,uc_orange,4
217,yakult,4
218,pepsodent,1
218,uc_lemon,0
218,uc_orange,0
218,yakult,1
219,pepsodent,2
219,uc_lemon,1
219,uc_orange,4
219,yakult,3
220,pepsodent,2
220,uc_lemon,4
220,uc_orange,1
220,yakult,4
221,pepsodent,0
221,uc_lemon,1
221,uc_orange,2
221,yakult,3
222,pepsodent,0
222,uc_lemon,1
222,uc_orange,2
222,yakult,3
223,pepsodent,4
223,uc_lemon,3
223,uc_orange,2
223,yakult,0
224,pepsodent,1
224,uc_lemon,2
224,uc_orange,0
224,yakult,4
225,pepsodent,2
225,uc_lemon,1
225,uc_orange,4
225,yakult,0
226,pepsodent,2
226,uc_lemon,3
226,uc_orange,2
226,yakult,4
227,pepsodent,2
227,uc_lemon,3
227,uc_orange,4
227,yakult,3
228,pepsodent,1
228,uc_lemon,4
228,uc_orange,2
228,yakult,2
229,pepsodent,2
229,uc_lemon,3
229,uc_orange,0
229,yakult,3
230,pepsodent,4
230,uc_lemon,3
230,uc_orange,0
230,yakult,4
231,pepsodent,3
231,uc_lemon,0
231,uc_orange,2
231,yakult,1
232,pepsodent,2
232,uc_lemon,2
232,uc_orange,3
232,yakult,3
233,pepsodent,4
233,uc_lemon,2
233,uc_orange,4
233,yakult,0
234,pepsodent,0
234,uc_lemon,4
234,uc_orange,3
234,yakult,3
235,pepsodent,1
235,uc_lemon,4
235,uc_orange,4
235,yakult,1
236,pepsodent,0
236,uc_lemon,3
236,uc_orange,3
236,yakult,2
237,pepsodent,3
237,uc_lemon,4
237,uc_orange,1
237,yakult,3
238,pepsodent,3
238,uc_lemon,0
238,uc_orange,1
238,yakult,0
239,pepsodent,3
239,uc_lemon,3
239,uc_orange,1
239,yakult,2
240,pepsodent,4
240,uc_lemon,3
240,uc_orange,1
240,yakult,4
241,pepsodent,3
241,uc_lemon,3
241,uc_orange,1
241,yakult,4
242,pepsodent,0
242,uc_lemon,0
242,uc_orange,0
242,yakult,4
243,pepsodent,3
243,uc_lemon,3
243,uc_orange,4
243,yakult,4
244,pepsodent,4
244,uc_lemon,4
244,uc_orange,2
244,yakult,0
245,pepsodent,3
245,uc_lemon,4
245,uc_orange,1
245,yakult,3
246,pepsodent,2
246,uc_lemon,1
246,uc_orange,3
246,yakult,0
247,pepsodent,4
247,uc_lemon,4
247,uc_orange,3
247,yakult,1
248,pepsodent,3
248,uc_lemon,0
248,uc_orange,3
248,yakult,3
249,pepsodent,4
249,uc_lemon,1
249,uc_orange,0
249,yakult,4
250,pepsodent,3
250,uc_lemon,4
250,uc_orange,1
250,yakult,3
251,pepsodent,1
251,uc_lemon,2
251,uc_orange,1
251,yakult,0
252,pepsodent,4
252,uc_lemon,0
252,uc_orange,4
252,yakult,1
253,pepsodent,3
253,uc_lemon,3
253,uc_orange,1
253,yakult,2
254,pepsodent,4
254,uc_lemon,2
254,uc_orange,0
254,yakult,2
255,pepsodent,4
255,uc_lemon,2
255,uc_orange,0
255,yakult,1
256,pepsodent,4
256,uc_lemon,4
256,uc_orange,3
256,yakult,0
257,pepsodent,0
257,uc_lemon,2
257,uc_orange,2
257,yakult,0
258,pepsodent,2
258,uc_lemon,0
258,uc_orange,0
258,yakult,4
259,pepsodent,4
259,uc_lemon,3
259,uc_orange,1
259,yakult,2
260,pepsodent,1
260,uc_lemon,4
260,uc_orange,0
260,yakult,2
261,pepsodent,0
261,uc_lemon,3
261,uc_orange,0
261,yakult,4
262,pepsodent,0
262,uc_lemon,1
262,uc_orange,2
262,yakult,1
263,pepsodent,0
263,uc_lemon,2
263,uc_orange,3
263,yakult,4
264,pepsodent,1
264,uc_lemon,2
264,uc_orange,4
264,yakult,0
265,pepsodent,3
265,uc_lemon,3
265,uc_orange,4
265,yakult,3
266,pepsodent,1
266,uc_lemon,4
266,uc_orange,2
266,yakult,2
267,pepsodent,2
267,uc_lemon,3
267,uc_orange,1
267,yakult,3
268,pepsodent,3
268,uc_lemon,3
268,uc_orange,3
268,yakult,0
269,pepsodent,2
269,uc_lemon,0
269,uc_orange,3
269,yakult,3
270,pepsodent,1
270,uc_lemon,4
270,uc_orange,2
270,yakult,0
271,pepsodent,4
271,uc_lemon,3
271,uc_orange,2
271,yakult,4
272,pepsodent,3
272,uc_lemon,0
272,uc_orange,4
272,yakult,1
273,pepsodent,3
273,uc_lemon,4
273,uc_orange,4
273,yakult,2
274,pepsodent,3
274,uc_lemon,1
274,uc_orange,1
274,yakult,2
275,pepsodent,3
275,uc_lemon,4
275,uc_orange,0
275,yakult,1
276,pepsodent,1
276,uc_lemon,2
276,uc_orange,0
276,yakult,2
277,pepsodent,4
277,uc_lemon,3
277,uc_orange,2
277,yakult,1
278,pepsodent,2
278,uc_lemon,1
278,uc_orange,1
278,yakult,0
279,pepsodent,2
279,uc_lemon,1
279,uc_orange,2
279,yakult,0
280,pepsodent,0
280,uc_lemon,4
280,uc_orange,2
280,yakult,0
281,pepsodent,3
281,uc_lemon,4
281,uc_orange,1
281,yakult,0
282,pepsodent,0
282,uc_lemon,1
282,uc_orange,3
282,yakult,3
283,pepsodent,3
283,uc_lemon,0
283,uc_orange,4
283,yakult,3
284,pepsodent,4
284,uc_lemon,4
284,uc_orange,3
284,yakult,0
285,pepsodent,2
285,uc_lemon,2
285,uc_orange,1
285,yakult,4
286,pepsodent,3
286,uc_lemon,4
286,uc_orange,3
286,yakult,0
287,pepsodent,3
287,uc_lemon,0
287,uc_orange,1
287,yakult,0
288,pepsodent,3
288,uc_lemon,3
288,uc_orange,2
288,yakult,0
289,pepsodent,4
289,uc_lemon,4
289,uc_orange,0
289,yakult,4
290,pepsodent,2
290,uc_lemon,2
290,uc_orange,1
290,yakult,1
291,pepsodent,4
291,uc_lemon,4
291,uc_orange,2
291,yakult,2
292,pepsodent,3
292,uc_lemon,1
292,uc_orange,4
292,yakult,1
293,pepsodent,2
293,uc_lemon,0
293,uc_orange,3
293,yakult,4
294,pepsodent,3
294,uc_lemon,4
294,uc_orange,3
294,yakult,0
295,pepsodent,1
295,uc_lemon,4
295,uc_orange,0
295,yakult,0
296,pepsodent,3
296,uc_lemon,4
296,uc_orange,3
296,yakult,0
297,pepsodent,3
297,uc_lemon,0
297,uc_orange,4
297,yakult,4
298,pepsodent,1
298,uc_lemon,0
298,uc_orange,4
298,yakult,3
299,pepsodent,4
299,uc_lemon,4
299,uc_orange,2
299,yakult,4
300,pepsodent,3
300,uc_lemon,3
300,uc_orange,2
300,yakult,3
301,pepsodent,3
301,uc_lemon,0
301,uc_orange,1
301,yakult,4
302,pepsodent,0
302,uc_lemon,0
302,uc_orange,3
302,yakult,1
303,pepsodent,3
303,uc_lemon,3
303,uc_orange,3
303,yakult,2
304,pepsodent,4
304,uc_lemon,2
304,uc_orange,3
304,yakult,3
305,pepsodent,1
305,uc_lemon,3
305,uc_orange,3
305,yakult,0
306,pepsodent,2
306,uc_lemon,0
306,uc_orange,2
306,yakult,3
307,pepsodent,3
307,uc_lemon,2
307,uc_orange,4
307,yakult,2
308,pepsodent,2
308,uc_lemon,2
308,uc_orange,2
308,yakult,3
309,pepsodent,0
309,uc_lemon,0
309,uc_orange,3
309,yakult,2
310,pepsodent,1
310,uc_lemon,1
310,uc_orange,0
310,yakult,1
311,pepsodent,2
311,uc_lemon,4
311,uc_orange,3
311,yakult,2
312,pepsodent,2
312,uc_lemon,2
312,uc_orange,1
312,yakult,1
313,pepsodent,1
313,uc_lemon,3
313,uc_orange,0
313,yakult,2
314,pepsodent,2
314,uc_lemon,0
314,uc_orange,4
314,yakult,4
315,pepsodent,3
315,uc_lemon,2
315,uc_orange,2
315,yakult,0
316,pepsodent,2
316,uc_lemon,3
316,uc_orange,1
316,yakult,0
317,pepsodent,4
317,uc_lemon,3
317,uc_orange,1
317,yakult,0
318,pepsodent,3
318,uc_lemon,1
318,uc_orange,0
318,yakult,4
319,pepsodent,0
319,uc_lemon,0
319,uc_orange,4
319,yakult,0
320,pepsodent,0
320,uc_lemon,4
320,uc_orange,3
320,yakult,0
321,pepsodent,2
321,uc_lemon,4
321,uc_orange,4
321,yakult,4
322,pepsodent,0
322,uc_lemon,2
322,uc_orange,2
322,yakult,1
323,pepsodent,4
323,uc_lemon,4
323,uc_orange,1
323,yakult,1
324,pepsodent,2
324,uc_lemon,2
324,uc_orange,1
324,yakult,2
325,pepsodent,3
325,uc_lemon,3
325,uc_orange,0
325,yakult,0
326,pepsodent,3
326,uc_lemon,0
326,uc_orange,2
326,yakult,1
327,pepsodent,4
327,uc_lemon,3
327,uc_orange,4
327,yakult,0
328,pepsodent,2
328,uc_lemon,2
328,uc_orange,0
328,yakult,2
329,pepsodent,1
329,uc_lemon,2
329,uc_orange,2
329,yakult,0
330,pepsodent,1
330,uc_lemon,1
330,uc_orange,4
330,yakult,1
331,pepsodent,0
331,uc_lemon,1
331,uc_orange,3
331,yakult,1
332,pepsodent,3
332,uc_lemon,2
332,uc_orange,3
332,yakult,0
333,pepsodent,4
333,uc_lemon,2
333,uc_orange,3
333,yakult,1
334,pepsodent,4
334,uc_lemon,3
334,uc_orange,0
334,yakult,0
335,pepsodent,3
335,uc_lemon,0
335,uc_orange,3
335,yakult,2
336,pepsodent,3
336,uc_lemon,3
336,uc_orange,4
336,yakult,3
337,pepsodent,4
337,uc_lemon,3
337,uc_orange,1
337,yakult,3
338,pepsodent,0
338,uc_lemon,2
338,uc_orange,3
338,yakult,4
339,pepsodent,4
339,uc_lemon,3
339,uc_orange,0
339,yakult,2
340,pepsodent,4
340,uc_lemon,2
340,uc_orange,0
340,yakult,2
341,pepsodent,3
341,uc_lemon,0
341,uc_orange,2
341,yakult,1
342,pepsodent,1
342,uc_lemon,4
342,uc_orange,4
342,yakult,2
343,pepsodent,1
343,uc_lemon,0
343,uc_orange,1
343,yakult,3
344,pepsodent,1
344,uc_lemon,1
344,uc_orange,3
344,yakult,1
345,pepsodent,1
345,uc_lemon,1
345,uc_orange,1
345,yakult,3
346,pepsodent,4
346,uc_lemon,3
346,uc_orange,1
346,yakult,2
347,pepsodent,1
347,uc_lemon,0
347,uc_orange,1
347,yakult,3
348,pepsodent,3
348,uc_lemon,2
348,uc_orange,3
348,yakult,3
349,pepsodent,2
349,uc_lemon,4
349,uc_orange,3
349,yakult,2
350,pepsodent,1
350,uc_lemon,3
350,uc_orange,0
350,yakult,0
351,pepsodent,3
351,uc_lemon,3
351,uc_orange,0
351,yakult,1
352,pepsodent,1
352,uc_lemon,3
352,uc_orange,3
352,yakult,2
353,pepsodent,0
353,uc_lemon,3
353,uc_orange,1
353,yakult,0
354,pepsodent,1
354,uc_lemon,1
354,uc_orange,4
354,yakult,4
355,pepsodent,3
355,uc_lemon,1
355,uc_orange,3
355,yakult,0
356,pepsodent,1
356,uc_lemon,1
356,uc_orange,3
356,yakult,0
357,pepsodent,0
357,uc_lemon,2
357,uc_orange,4
357,yakult,1
358,pepsodent,1
358,uc_lemon,2
358,uc_orange,3
358,yakult,4
359,pepsodent,2
359,uc_lemon,2
359,uc_orange,4
359,yakult,3
360,pepsodent,4
360,uc_lemon,0
360,uc_orange,4
360,yakult,0
361,pepsodent,2
361,uc_lemon,3
361,uc_orange,2
361,yakult,2
362,pepsodent,1
362,uc_lemon,0
362,uc_orange,3
362,yakult,1
363,pepsodent,0
363,uc_lemon,0
363,uc_orange,1
363,yakult,1
364,pepsodent,1
364,uc_lemon,2
364,uc_orange,0
364,yakult,3
365,pepsodent,3
365,uc_lemon,4
365,uc_orange,1
365,yakult,4
366,pepsodent,2
366,uc_lemon,1
366,uc_orange,0
366,yakult,0
367,pepsodent,3
367,uc_lemon,1
367,uc_orange,2
367,yakult,3
368,pepsodent,4
368,uc_lemon,1
368,uc_orange,1
368,yakult,4
369,pepsodent,4
369,uc_lemon,3
369,uc_orange,1
369,yakult,3
370,pepsodent,4
370,uc_lemon,0
370,uc_orange,2
370,yakult,1
371,pepsodent,3
371,uc_lemon,1
371,uc_orange,4
371,yakult,1
372,pepsodent,0
372,uc_lemon,4
372,uc_orange,3
372,yakult,0
373,pepsodent,2
373,uc_lemon,3
373,uc_orange,2
373,yakult,2
374,pepsodent,4
374,uc_lemon,3
374,uc_orange,2
374,yakult,3
375,pepsodent,1
375,uc_lemon,2
375,uc_orange,2
375,yakult,0
376,pepsodent,3
376,uc_lemon,0
376,uc_orange,1
376,yakult,4
377,pepsodent,2
377,uc_lemon,4
377,uc_orange,3
377,yakult,3
378,pepsodent,1
378,uc_lemon,0
378,uc_orange,3
378,yakult,1
379,pepsodent,0
379,uc_lemon,4
379,uc_orange,4
379,yakult,3
380,pepsodent,2
380,uc_lemon,4
380,uc_orange,2
380,yakult,3
381,pepsodent,4
381,uc_lemon,3
381,uc_orange,0
381,yakult,1
382,pepsodent,2
382,uc_lemon,3
382,uc_orange,3
382,yakult,3
383,pepsodent,0
383,uc_lemon,1
383,uc_orange,2
383,yakult,2
384,pepsodent,1
384,uc_lemon,1
384,uc_orange,1
384,yakult,3
385,pepsodent,0
385,uc_lemon,3
385,uc_orange,3
385,yakult,4
386,pepsodent,4
386,uc_lemon,4
386,uc_orange,1
386,yakult,4
387,pepsodent,2
387,uc_lemon,3
387,uc_orange,1
387,yakult,2
388,pepsodent,2
388,uc_lemon,3
388,uc_orange,0
388,yakult,4
389,pepsodent,3
389,uc_lemon,4
389,uc_orange,1
389,yakult,4
390,pepsodent,1
390,uc_lemon,0
390,uc_orange,3
390,yakult,1
391,pepsodent,3
391,uc_lemon,0
391,uc_orange,1
391,yakult,4
392,pepsodent,0
392,uc_lemon,0
392,uc_orange,3
392,yakult,0
393,pepsodent,4
393,uc_lemon,0
393,uc_orange,0
393,yakult,3
394,pepsodent,1
394,uc_lemon,4
394,uc_orange,2
394,yakult,4
395,pepsodent,3
395,uc_lemon,3
395,uc_orange,2
395,yakult,3
396,pepsodent,1
396,uc_lemon,1
396,uc_orange,0
396,yakult,0
397,pepsodent,0
397,uc_lemon,3
397,uc_orange,1
397,yakult,4
398,pepsodent,3
398,uc_lemon,3
398,uc_orange,2
398,yakult,2
399,pepsodent,4
399,uc_lemon,2
399,uc_orange,2
399,yakult,0
400,pepsodent,2
400,uc_lemon,4
400,uc_orange,3
400,yakult,3
401,pepsodent,0
401,uc_lemon,2
401,uc_orange,2
401,yakult,4
402,pepsodent,2
402,uc_lemon,3
402,uc_orange,1
402,yakult,0
403,pepsodent,3
403,uc_lemon,0
403,uc_orange,3
403,yakult,4
404,pepsodent,1
404,uc_lemon,4
404,uc_orange,1
404,yakult,3
405,pepsodent,0
405,uc_lemon,3
405,uc_orange,0
405,yakult,1
406,pepsodent,4
406,uc_lemon,2
406,uc_orange,3
406,yakult,4
407,pepsodent,3
407,uc_lemon,1
407,uc_orange,0
407,yakult,0
408,pepsodent,4
408,uc_lemon,3
408,uc_orange,3
408,yakult,0
409,pepsodent,0
409,uc_lemon,1
409,uc_orange,3
409,yakult,0
410,pepsodent,3
410,uc_lemon,0
410,uc_orange,2
410,yakult,3
411,pepsodent,2
411,uc_lemon,1
411,uc_orange,3
411,yakult,4
412,pepsodent,4
412,uc_lemon,0
412,uc_orange,4
412,yakult,2
413,pepsodent,1
413,uc_lemon,0
413,uc_orange,3
413,yakult,2
414,pepsodent,3
414,uc_lemon,3
414,uc_orange,4
414,yakult,2
415,pepsodent,4
415,uc_lemon,4
415,uc_orange,1
415,yakult,0
416,pepsodent,3
416,uc_lemon,2
416,uc_orange,4
416,yakult,0
417,pepsodent,0
417,uc_lemon,4
417,uc_orange,0
417,yakult,4
418,pepsodent,3
418,uc_lemon,0
418,uc_orange,2
418,yakult,2
419,pepsodent,3
419,uc_lemon,1
419,uc_orange,3
419,yakult,3
420,pepsodent,3
420,uc_lemon,1
420,uc_orange,3
420,yakult,1
421,pepsodent,1
421,uc_lemon,3
421,uc_orange,1
421,yakult,4
422,pepsodent,3
422,uc_lemon,4
422,uc_orange,2
422,yakult,3
423,pepsodent,4
423,uc_lemon,1
423,uc_orange,1
423,yakult,1
424,pepsodent,1
424,uc_lemon,3
424,uc_orange,2
424,yakult,4
425,pepsodent,0
425,uc_lemon,2
425,uc_orange,1
425,yakult,4
426,pepsodent,2
426,uc_lemon,4
426,uc_orange,1
426,yakult,0
427,pepsodent,0
427,uc_lemon,2
427,uc_orange,0
427,yakult,0
428,pepsodent,1
428,uc_lemon,0
428,uc_orange,3
428,yakult,3
429,pepsodent,3
429,uc_lemon,1
429,uc_orange,1
429,yakult,2
430,pepsodent,4
430,uc_lemon,4
430,uc_orange,2
430,yakult,3
431,pepsodent,3
431,uc_lemon,2
431,uc_orange,0
431,yakult,0
432,pepsodent,4
432,uc_lemon,3
432,uc_orange,2
432,yakult,2
433,pepsodent,3
433,uc_lemon,1
433,uc_orange,2
433,yakult,1
434,pepsodent,3
434,uc_lemon,1
434,uc_orange,1
434,yakult,0
435,pepsodent,0
435,uc_lemon,0
435,uc_orange,0
435,yakult,2
436,pepsodent,0
436,uc_lemon,3
436,uc_orange,3
436,yakult,1
437,pepsodent,2
437,uc_lemon,0
437,uc_orange,3
437,yakult,2
438,pepsodent,4
438,uc_lemon,3
438,uc_orange,0
438,yakult,2
439,pepsodent,3
439,uc_lemon,4
439,uc_orange,0
439,yakult,4
440,pepsodent,1
440,uc_lemon,0
440,uc_orange,0
440,yakult,4
441,pepsodent,2
441,uc_lemon,0
441,uc_orange,3
441,yakult,3
442,pepsodent,1
442,uc_lemon,4
442,uc_orange,2
442,yakult,2
443,pepsodent,3
443,uc_lemon,4
443,uc_orange,3
443,yakult,1
444,pepsodent,2
444,uc_lemon,4
444,uc_orange,3
444,yakult,3
445,pepsodent,1
445,uc_lemon,3
445,uc_orange,2
445,yakult,3
446,pepsodent,3
446,uc_lemon,0
446,uc_orange,1
446,yakult,1
447,pepsodent,4
447,uc_lemon,4
447,uc_orange,1
447,yakult,1
448,pepsodent,2
448,uc_lemon,1
448,uc_orange,2
448,yakult,0
449,pepsodent,3
449,uc_lemon,1
449,uc_orange,3
449,yakult,1
450,pepsodent,0
450,uc_lemon,0
450,uc_orange,4
450,yakult,2
451,pepsodent,2
451,uc_lemon,0
451,uc_orange,2
451,yakult,1
452,pepsodent,4
452,uc_lemon,3
452,uc_orange,1
452,yakult,2
453,pepsodent,0
453,uc_lemon,4
453,uc_orange,3
453,yakult,0
454,pepsodent,3
454,uc_lemon,3
454,uc_orange,0
454,yakult,1
455,pepsodent,2
455,uc_lemon,2
455,uc_orange,4
455,yakult,0
456,pepsodent,4
456,uc_lemon,2
456,uc_orange,0
456,yakult,2
457,pepsodent,0
457,uc_lemon,4
457,uc_orange,3
457,yakult,4
458,pepsodent,0
458,uc_lemon,3
458,uc_orange,0
458,yakult,3
459,pepsodent,0
459,uc_lemon,1
459,uc_orange,3
459,yakult,0
460,pepsodent,2
460,uc_lemon,2
460,uc_orange,4
460,yakult,1
461,pepsodent,2
461,uc_lemon,4
461,uc_orange,0
461,yakult,1
462,pepsodent,4
462,uc_lemon,2
462,uc_orange,4
462,yakult,2
463,pepsodent,0
463,uc_lemon,3
463,uc_orange,4
463,yakult,4
464,pepsodent,4
464,uc_lemon,3
464,uc_orange,2
464,yakult,4
465,pepsodent,1
465,uc_lemon,4
465,uc_orange,3
465,yakult,3
466,pepsodent,1
466,uc_lemon,1
466,uc_orange,3
466,yakult,1
467,pepsodent,0
467,uc_lemon,3
467,uc_orange,0
467,yakult,1
468,pepsodent,0
468,uc_lemon,3
468,uc_orange,0
468,yakult,0
469,pepsodent,0
469,uc_lemon,1
469,uc_orange,1
469,yakult,1
470,pepsodent,1
470,uc_lemon,0
470,uc_orange,2
470,yakult,2
471,pepsodent,1
471,uc_lemon,1
471,uc_orange,4
471,yakult,3
472,pepsodent,4
472,uc_lemon,3
472,uc_orange,1
472,yakult,3
473,pepsodent,3
473,uc_lemon,0
473,uc_orange,4
473,yakult,3
474,pepsodent,1
474,uc_lemon,3
474,uc_orange,4
474,yakult,1
475,pepsodent,1
475,uc_lemon,2
475,uc_orange,3
475,yakult,3
476,pepsodent,0
476,uc_lemon,3
476,uc_orange,0
476,yakult,1
477,pepsodent,3
477,uc_lemon,3
477,uc_orange,4
477,yakult,0
478,pepsodent,2
478,uc_lemon,1
478,uc_orange,0
478,yakult,1
479,pepsodent,4
479,uc_lemon,2
479,uc_orange,4
479,yakult,4
480,pepsodent,3
480,uc_lemon,1
480,uc_orange,2
480,yakult,3
481,pepsodent,0
481,uc_lemon,2
481,uc_orange,4
481,yakult,4
482,pepsodent,1
482,uc_lemon,0
482,uc_orange,4
482,yakult,1
483,pepsodent,1
483,uc_lemon,1
483,uc_orange,4
483,yakult,3
484,pepsodent,2
484,uc_lemon,0
484,uc_orange,2
484,yakult,2
485,pepsodent,1
485,uc_lemon,3
485,uc_orange,3
485,yakult,2
486,pepsodent,3
486,uc_lemon,2
486,uc_orange,2
486,yakult,0
487,pepsodent,3
487,uc_lemon,4
487,uc_orange,1
487,yakult,4
488,pepsodent,4
488,uc_lemon,2
488,uc_orange,2
488,yakult,2
489,pepsodent,0
489,uc_lemon,4
489,uc_orange,2
489,yakult,2
490,pepsodent,1
490,uc_lemon,4
490,uc_orange,0
490,yakult,4
491,pepsodent,3
491,uc_lemon,4
491,uc_orange,3
491,yakult,2
492,pepsodent,4
492,uc_lemon,1
492,uc_orange,1
492,yakult,0
493,pepsodent,2
493,uc_lemon,4
493,uc_orange,1
493,yakult,4
494,pepsodent,0
494,uc_lemon,4
494,uc_orange,4
494,yakult,2
495,pepsodent,4
495,uc_lemon,4
495,uc_orange,1
495,yakult,4
496,pepsodent,3
496,uc_lemon,0
496,uc_orange,3
496,yakult,1
497,pepsodent,0
497,uc_lemon,1
497,uc_orange,0
497,yakult,0
498,pepsodent,1
498,uc_lemon,0
498,uc_orange,4
498,yakult,3
499,pepsodent,2
499,uc_lemon,3
499,uc_orange,0
499,yakult,1
500,pepsodent,2
500,uc_lemon,3
500,uc_orange,0
500,yakult,4
501,pepsodent,1
501,uc_lemon,2
501,uc_orange,2
501,yakult,2
502,pepsodent,4
502,uc_lemon,4
502,uc_orange,3
502,yakult,3
503,pepsodent,4
503,uc_lemon,0
503,uc_orange,4
503,yakult,2
504,pepsodent,4
504,uc_lemon,2
504,uc_orange,2
504,yakult,4
505,pepsodent,1
505,uc_lemon,2
505,uc_orange,0
505,yakult,3
506,pepsodent,0
506,uc_lemon,0
506,uc_orange,2
506,yakult,0
507,pepsodent,4
507,uc_lemon,3
507,uc_orange,1
507,yakult,4
508,pepsodent,0
508,uc_lemon,2
508,uc_orange,1
508,yakult,3
509,pepsodent,1
509,uc_lemon,0
509,uc_orange,1
509,yakult,0
510,pepsodent,2
510,uc_lemon,4
510,uc_orange,4
510,yakult,1
511,pepsodent,1
511,uc_lemon,2
511,uc_orange,2
511,yakult,1
512,pepsodent,3
512,uc_lemon,4
512,uc_orange,3
512,yakult,1
513,pepsodent,4
513,uc_lemon,4
513,uc_orange,0
513,yakult,0
514,pepsodent,2
514,uc_lemon,2
514,uc_orange,0
514,yakult,4
515,pepsodent,4
515,uc_lemon,2
515,uc_orange,1
515,yakult,3
516,pepsodent,1
516,uc_lemon,4
516,uc_orange,4
516,yakult,2
517,pepsodent,4
517,uc_lemon,1
517,uc_orange,3
517,yakult,2
518,pepsodent,3
518,uc_lemon,2
518,uc_orange,0
518,yakult,3
519,pepsodent,4
519,uc_lemon,1
519,uc_orange,4
519,yakult,3
520,pepsodent,4
520,uc_lemon,3
520,uc_orange,4
520,yakult,4
521,pepsodent,4
521,uc_lemon,0
521,uc_orange,2
521,yakult,3
522,pepsodent,1
522,uc_lemon,4
522,uc_orange,0
522,yakult,2
523,pepsodent,1
523,uc_lemon,4
523,uc_orange,4
523,yakult,4
524,pepsodent,3
524,uc_lemon,4
524,uc_orange,3
524,yakult,4
525,pepsodent,4
525,uc_lemon,3
525,uc_orange,0
525,yakult,4
526,pepsodent,2
526,uc_lemon,4
526,uc_orange,2
526,yakult,1
527,pepsodent,0
527,uc_lemon,4
527,uc_orange,2
527,yakult,0
528,pepsodent,3
528,uc_lemon,4
528,uc_orange,2
528,yakult,2
529,pepsodent,3
529,uc_lemon,4
529,uc_orange,3
529,yakult,0
530,pepsodent,0
530,uc_lemon,2
530,uc_orange,3
530,yakult,4
531,pepsodent,3
531,uc_lemon,2
531,uc_orange,4
531,yakult,3
532,pepsodent,0
532,uc_lemon,1
532,uc_orange,0
532,yakult,4
533,pepsodent,3
533,uc_lemon,4
533,uc_orange,2
533,yakult,0
534,pepsodent,3
534,uc_lemon,3
534,uc_orange,2
534,yakult,3
535,pepsodent,3
535,uc_lemon,0
535,uc_orange,3
535,yakult,2
536,pepsodent,2
536,uc_lemon,1
536,uc_orange,0
536,yakult,4
537,pepsodent,4
537,uc_lemon,2
537,uc_orange,3
537,yakult,0
538,pepsodent,2
538,uc_lemon,3
538,uc_orange,0
538,yakult,2
539,pepsodent,1
539,uc_lemon,1
539,uc_orange,3
539,yakult,0
540,pepsodent,4
540,uc_lemon,0
540,uc_orange,0
540,yakult,2
541,pepsodent,3
541,uc_lemon,3
541,uc_orange,3
541,yakult,3
542,pepsodent,1
542,uc_lemon,4
542,uc_orange,3
542,yakult,2
543,pepsodent,3
543,uc_lemon,1
543,uc_orange,2
543,yakult,3
544,pepsodent,1
544,uc_lemon,2
544,uc_orange,1
544,yakult,3
545,pepsodent,3
545,uc_lemon,4
545,uc_orange,3
545,yakult,2
546,pepsodent,2
546,uc_lemon,4
546,uc_orange,0
546,yakult,1
547,pepsodent,3
547,uc_lemon,2
547,uc_orange,4
547,yakult,1
548,pepsodent,4
548,uc_lemon,2
548,uc_orange,2
548,yakult,0
549,pepsodent,3
549,uc_lemon,4
549,uc_orange,1
549,yakult,0
550,pepsodent,4
550,uc_lemon,4
550,uc_orange,2
550,yakult,4
551,pepsodent,0
551,uc_lemon,1
551,uc_orange,4
551,yakult,4
552,pepsodent,3
552,uc_lemon,3
552,uc_orange,0
552,yakult,1
553,pepsodent,4
553,uc_lemon,4
553,uc_orange,3
553,yakult,3
554,pepsodent,0
554,uc_lemon,1
554,uc_orange,3
554,yakult,2
555,pepsodent,0
555,uc_lemon,3
555,uc_orange,3
555,yakult,0
556,pepsodent,2
556,uc_lemon,1
556,uc_orange,0
556,yakult,0
557,pepsodent,2
557,uc_lemon,1
557,uc_orange,1
557,yakult,3
558,pepsodent,2
558,uc_lemon,4
558,uc_orange,2
558,yakult,3
559,pepsodent,2
559,uc_lemon,1
559,uc_orange,4
559,yakult,4
560,pepsodent,4
560,uc_lemon,3
560,uc_orange,1
560,yakult,0
561,pepsodent,3
561,uc_lemon,2
561,uc_orange,2
561,yakult,4
562,pepsodent,2
562,uc_lemon,3
562,uc_orange,1
562,yakult,2
563,pepsodent,4
563,uc_lemon,4
563,uc_orange,1
563,yakult,2
564,pepsodent,3
564,uc_lemon,2
564,uc_orange,4
564,yakult,1
565,pepsodent,4
565,uc_lemon,1
565,uc_orange,0
565,yakult,1
566,pepsodent,2
566,uc_lemon,3
566,uc_orange,4
566,yakult,3
567,pepsodent,0
567,uc_lemon,1
567,uc_orange,3
567,yakult,1
568,pepsodent,0
568,uc_lemon,4
568,uc_orange,2
568,yakult,2
569,pepsodent,4
569,uc_lemon,2
569,uc_orange,4
569,yakult,2
570,pepsodent,3
570,uc_lemon,4
570,uc_orange,4
570,yakult,1
571,pepsodent,2
571,uc_lemon,1
571,uc_orange,1
571,yakult,1
572,pepsodent,4
572,uc_lemon,2
572,uc_orange,2
572,yakult,4
573,pepsodent,1
573,uc_lemon,3
573,uc_orange,2
573,yakult,3
574,pepsodent,4
574,uc_lemon,0
574,uc_orange,0
574,yakult,4
575,pepsodent,0
575,uc_lemon,0
575,uc_orange,4
575,yakult,1
576,pepsodent,1
576,uc_lemon,1
576,uc_orange,1
576,yakult,1
577,pepsodent,1
577,uc_lemon,0
577,uc_orange,0
577,yakult,1
578,pepsodent,2
578,uc_lemon,1
578,uc_orange,0
578,yakult,2
579,pepsodent,1
579,uc_lemon,1
579,uc_orange,4
579,yakult,3
580,pepsodent,3
580,uc_lemon,0
580,uc_orange,3
580,yakult,2
581,pepsodent,4
581,uc_lemon,3
581,uc_orange,3
581,yakult,4
582,pepsodent,3
582,uc_lemon,2
582,uc_orange,3
582,yakult,2
583,pepsodent,2
583,uc_lemon,2
583,uc_orange,1
583,yakult,0
584,pepsodent,4
584,uc_lemon,0
584,uc_orange,1
584,yakult,0
585,pepsodent,1
585,uc_lemon,4
585,uc_orange,4
585,yakult,2
586,pepsodent,1
586,uc_lemon,0
586,uc_orange,3
586,yakult,3
587,pepsodent,1
587,uc_lemon,2
587,uc_orange,1
587,yakult,2
588,pepsodent,0
588,uc_lemon,2
588,uc_orange,2
588,yakult,2
589,pepsodent,0
589,uc_lemon,2
589,uc_orange,1
589,yakult,2
590,pepsodent,1
590,uc_lemon,3
590,uc_orange,4
590,yakult,0
591,pepsodent,4
591,uc_lemon,4
591,uc_orange,2
591,yakult,4
592,pepsodent,4
592,uc_lemon,4
592,uc_orange,2
592,yakult,1
593,pepsodent,1
593,uc_lemon,0
593,uc_orange,3
593,yakult,2
594,pepsodent,3
594,uc_lemon,0
594,uc_orange,4
594,yakult,3
595,pepsodent,1
595,uc_lemon,0
595,uc_orange,0
595,yakult,3
596,pepsodent,4
596,uc_lemon,2
596,uc_orange,0
596,yakult,1
597,pepsodent,2
597,uc_lemon,1
597,uc_orange,2
597,yakult,3
598,pepsodent,4
598,uc_lemon,3
598,uc_orange,1
598,yakult,3
599,pepsodent,3
599,uc_lemon,3
599,uc_orange,0
599,yakult,0
600,pepsodent,3
600,uc_lemon,2
600,uc_orange,2
600,yakult,1
601,pepsodent,1
601,uc_lemon,2
601,uc_orange,4
601,yakult,1
602,pepsodent,0
602,uc_lemon,2
602,uc_orange,1
602,yakult,1
603,pepsodent,1
603,uc_lemon,0
603,uc_orange,1
603,yakult,4
604,pepsodent,4
604,uc_lemon,0
604,uc_orange,1
604,yakult,2
605,pepsodent,0
605,uc_lemon,2
605,uc_orange,1
605,yakult,4
606,pepsodent,2
606,uc_lemon,1
606,uc_orange,4
606,yakult,4
607,pepsodent,4
607,uc_lemon,1
607,uc_orange,1
607,yakult,2
608,pepsodent,2
608,uc_lemon,3
608,uc_orange,1
608,yakult,1
609,pepsodent,0
609,uc_lemon,3
609,uc_orange,1
609,yakult,0
610,pepsodent,2
610,uc_lemon,4
610,uc_orange,0
610,yakult,2
611,pepsodent,3
611,uc_lemon,4
611,uc_orange,0
611,yakult,0
612,pepsodent,1
612,uc_lemon,4
612,uc_orange,4
612,yakult,3
613,pepsodent,3
613,uc_lemon,0
613,uc_orange,2
613,yakult,2
614,pepsodent,4
614,uc_lemon,2
614,uc_orange,0
614,yakult,4
615,pepsodent,1
615,uc_lemon,4
615,uc_orange,2
615,yakult,1
616,pepsodent,1
616,uc_lemon,4
616,uc_orange,2
616,yakult,2
617,pepsodent,4
617,uc_lemon,1
617,uc_orange,0
617,yakult,4
618,pepsodent,1
618,uc_lemon,3
618,uc_orange,2
618,yakult,0
619,pepsodent,4
619,uc_lemon,2
619,uc_orange,1
619,yakult,2
620,pepsodent,1
620,uc_lemon,1
620,uc_orange,1
620,yakult,4
621,pepsodent,2
621,uc_lemon,0
621,uc_orange,0
621,yakult,3
622,pepsodent,1
622,uc_lemon,1
622,uc_orange,3
622,yakult,0
623,pepsodent,4
623,uc_lemon,0
623,uc_orange,1
623,yakult,0
624,pepsodent,0
624,uc_lemon,1
624,uc_orange,0
624,yakult,3
625,pepsodent,1
625,uc_lemon,2
625,uc_orange,3
625,yakult,1
626,pepsodent,1
626,uc_lemon,2
626,uc_orange,0
626,yakult,2
627,pepsodent,3
627,uc_lemon,2
627,uc_orange,1
627,yakult,2
628,pepsodent,3
628,uc_lemon,1
628,uc_orange,4
628,yakult,0
629,pepsodent,1
629,uc_lemon,3
629,uc_orange,4
629,yakult,0
630,pepsodent,0
630,uc_lemon,1
630,uc_orange,2
630,yakult,1
631,pepsodent,3
631,uc_lemon,4
631,uc_orange,4
631,yakult,1
632,pepsodent,0
632,uc_lemon,4
632,uc_orange,0
632,yakult,1
633,pepsodent,2
633,uc_lemon,3
633,uc_orange,1
633,yakult,4
634,pepsodent,2
634,uc_lemon,0
634,uc_orange,0
634,yakult,4
635,pepsodent,0
635,uc_lemon,2
635,uc_orange,2
635,yakult,1
636,pepsodent,0
636,uc_lemon,3
636,uc_orange,3
636,yakult,0
637,pepsodent,0
637,uc_lemon,1
637,uc_orange,0
637,yakult,1
638,pepsodent,0
638,uc_lemon,2
638,uc_orange,4
638,yakult,3
639,pepsodent,3
639,uc_lemon,0
639,uc_orange,0
639,yakult,0
640,pepsodent,0
640,uc_lemon,0
640,uc_orange,4
640,yakult,1
641,pepsodent,1
641,uc_lemon,0
641,uc_orange,4
641,yakult,3
642,pepsodent,0
642,uc_lemon,4
642,uc_orange,3
642,yakult,4
643,pepsodent,1
643,uc_lemon,0
643,uc_orange,2
643,yakult,1
644,pepsodent,4
644,uc_lemon,4
644,uc_orange,1
644,yakult,0
645,pepsodent,4
645,uc_lemon,2
645,uc_orange,4
645,yakult,2
646,pepsodent,2
646,uc_lemon,2
646,uc_orange,4
646,yakult,2
647,pepsodent,1
647,uc_lemon,4
647,uc_orange,4
647,yakult,4
648,pepsodent,2
648,uc_lemon,4
648,uc_orange,0
648,yakult,4
649,pepsodent,1
649,uc_lemon,1
649,uc_orange,1
649,yakult,1
650,pepsodent,0
650,uc_lemon,2
650,uc_orange,3
650,yakult,3
651,pepsodent,4
651,uc_lemon,0
651,uc_orange,0
651,yakult,2
652,pepsodent,2
652,uc_lemon,0
652,uc_orange,2
652,yakult,2
653,pepsodent,2
653,uc_lemon,0
653,uc_orange,0
653,yakult,0
654,pepsodent,4
654,uc_lemon,0
654,uc_orange,1
654,yakult,1
655,pepsodent,2
655,uc_lemon,2
655,uc_orange,3
655,yakult,3
656,pepsodent,0
656,uc_lemon,4
656,uc_orange,4
656,yakult,0
657,pepsodent,3
657,uc_lemon,3
657,uc_orange,4
657,yakult,3
658,pepsodent,0
658,uc_lemon,0
658,uc_orange,0
658,yakult,3
659,pepsodent,2
659,uc_lemon,0
659,uc_orange,4
659,yakult,4
660,pepsodent,1
660,uc_lemon,2
660,uc_orange,3
660,yakult,4
661,pepsodent,0
661,uc_lemon,1
661,uc_orange,4
661,yakult,2
662,pepsodent,2
662,uc_lemon,0
662,uc_orange,3
662,yakult,1
663,pepsodent,1
663,uc_lemon,0
663,uc_orange,0
663,yakult,0
664,pepsodent,3
664,uc_lemon,1
664,uc_orange,2
664,yakult,1
665,pepsodent,2
665,uc_lemon,4
665,uc_orange,2
665,yakult,4
666,pepsodent,0
666,uc_lemon,1
666,uc_orange,2
666,yakult,0
667,pepsodent,0
667,uc_lemon,2
667,uc_orange,4
667,yakult,3
668,pepsodent,3
668,uc_lemon,0
668,uc_orange,4
668,yakult,1
669,pepsodent,2
669,uc_lemon,1
669,uc_orange,0
669,yakult,1
670,pepsodent,3
670,uc_lemon,3
670,uc_orange,4
670,yakult,1
671,pepsodent,0
671,uc_lemon,0
671,uc_orange,2
671,yakult,3
672,pepsodent,3
672,uc_lemon,0
672,uc_orange,3
672,yakult,3
673,pepsodent,2
673,uc_lemon,3
673,uc_orange,3
673,yakult,4
674,pepsodent,3
674,uc_lemon,4
674,uc_orange,2
674,yakult,2
675,pepsodent,0
675,uc_lemon,3
675,uc_orange,1
675,yakult,3
676,pepsodent,3
676,uc_lemon,1
676,uc_orange,0
676,yakult,3
677,pepsodent,4
677,uc_lemon,3
677,uc_orange,3
677,yakult,1
678,pepsodent,2
678,uc_lemon,2
678,uc_orange,3
678,yakult,3
679,pepsodent,3
679,uc_lemon,0
679,uc_orange,3
679,yakult,1
680,pepsodent,3
680,uc_lemon,4
680,uc_orange,2
680,yakult,1
681,pepsodent,4
681,uc_lemon,1
681,uc_orange,2
681,yakult,1
682,pepsodent,4
682,uc_lemon,2
682,uc_orange,0
682,yakult,4
683,pepsodent,1
683,uc_lemon,0
683,uc_orange,0
683,yakult,0
684,pepsodent,2
684,uc_lemon,1
684,uc_orange,4
684,yakult,1
685,pepsodent,1
685,uc_lemon,0
685,uc_orange,4
685,yakult,3
686,pepsodent,4
686,uc_lemon,4
686,uc_orange,2
686,yakult,2
687,pepsodent,3
687,uc_lemon,2
687,uc_orange,1
687,yakult,4
688,pepsodent,3
688,uc_lemon,0
688,uc_orange,3
688,yakult,2
689,pepsodent,1
689,uc_lemon,1
689,uc_orange,1
689,yakult,0
690,pepsodent,0
690,uc_lemon,3
690,uc_orange,2
690,yakult,1
691,pepsodent,1
691,uc_lemon,4
691,uc_orange,4
691,yakult,3
692,pepsodent,1
692,uc_lemon,0
692,uc_orange,1
692,yakult,3
693,pepsodent,0
693,uc_lemon,3
693,uc_orange,0
693,yakult,0
694,pepsodent,4
694,uc_lemon,3
694,uc_orange,1
694,yakult,4
695,pepsodent,0
695,uc_lemon,0
695,uc_orange,3
695,yakult,3
696,pepsodent,0
696,uc_lemon,4
696,uc_orange,1
696,yakult,2
697,pepsodent,4
697,uc_lemon,4
697,uc_orange,1
697,yakult,4
698,pepsodent,2
698,uc_lemon,1
698,uc_orange,1
698,yakult,1
699,pepsodent,1
699,uc_lemon,1
699,uc_orange,0
699,yakult,0
700,pepsodent,0
700,uc_lemon,4
700,uc_orange,3
700,yakult,4
701,pepsodent,3
701,uc_lemon,2
701,uc_orange,4
701,yakult,1
702,pepsodent,1
702,uc_lemon,1
702,uc_orange,0
702,yakult,0
703,pepsodent,0
703,uc_lemon,4
703,uc_orange,3
703,yakult,1
704,pepsodent,0
704,uc_lemon,3
704,uc_orange,2
704,yakult,1
705,pepsodent,2
705,uc_lemon,0
705,uc_orange,2
705,yakult,4
706,pepsodent,2
706,uc_lemon,3
706,uc_orange,1
706,yakult,3
707,pepsodent,1
707,uc_lemon,0
707,uc_orange,0
707,yakult,3
708,pepsodent,4
708,uc_lemon,3
708,uc_orange,3
708,yakult,3
709,pepsodent,0
709,uc_lemon,4
709,uc_orange,2
709,yakult,1
710,pepsodent,0
710,uc_lemon,2
710,uc_orange,2
710,yakult,4
711,pepsodent,4
711,uc_lemon,1
711,uc_orange,2
711,yakult,0
712,pepsodent,1
712,uc_lemon,2
712,uc_orange,0
712,yakult,0
713,pepsodent,0
713,uc_lemon,2
713,uc_orange,2
713,yakult,1
714,pepsodent,1
714,uc_lemon,3
714,uc_orange,2
714,yakult,2
715,pepsodent,0
715,uc_lemon,3
715,uc_orange,3
715,yakult,2
716,pepsodent,4
716,uc_lemon,3
716,uc_orange,0
716,yakult,0
717,pepsodent,0
717,uc_lemon,4
717,uc_orange,2
717,yakult,0
718,pepsodent,1
718,uc_lemon,0
718,uc_orange,0
718,yakult,1
719,pepsodent,3
719,uc_lemon,4
719,uc_orange,4
719,yakult,2
720,pepsodent,0
720,uc_lemon,3
720,uc_orange,2
720,yakult,0
721,pepsodent,2
721,uc_lemon,1
721,uc_orange,3
721,yakult,4
722,pepsodent,4
722,uc_lemon,1
722,uc_orange,3
722,yakult,3
723,pepsodent,4
723,uc_lemon,0
723,uc_orange,2
723,yakult,1
724,pepsodent,0
724,uc_lemon,1
724,uc_orange,0
724,yakult,3
725,pepsodent,2
725,uc_lemon,0
725,uc_orange,1
725,yakult,3
726,pepsodent,0
726,uc_lemon,2
726,uc_orange,3
726,yakult,4
727,pepsodent,4
727,uc_lemon,2
727,uc_orange,2
727,yakult,4
728,pepsodent,2
728,uc_lemon,4
728,uc_orange,0
728,yakult,4
729,pepsodent,1
729,uc_lemon,0
729,uc_orange,4
729,yakult,3
730,pepsodent,0
730,uc_lemon,2
730,uc_orange,0
730,yakult,2
731,pepsodent,2
731,uc_lemon,0
731,uc_orange,3
731,yakult,2
732,pepsodent,2
732,uc_lemon,4
732,uc_orange,0
732,yakult,4
733,pepsodent,4
733,uc_lemon,3
733,uc_orange,4
733,yakult,4
734,pepsodent,1
734,uc_lemon,3
734,uc_orange,1
734,yakult,4
735,pepsodent,2
735,uc_lemon,4
735,uc_orange,3
735,yakult,1
736,pepsodent,2
736,uc_lemon,0
736,uc_orange,2
736,yakult,0
737,pepsodent,0
737,uc_lemon,0
737,uc_orange,3
737,yakult,1
738,pepsodent,3
738,uc_lemon,1
738,uc_orange,4
738,yakult,4
739,pepsodent,4
739,uc_lemon,2
739,uc_orange,3
739,yakult,3
740,pepsodent,3
740,uc_lemon,3
740,uc_orange,1
740,yakult,4
741,pepsodent,3
741,uc_lemon,3
741,uc_orange,1
741,yakult,0
742,pepsodent,2
742,uc_lemon,1
742,uc_orange,1
742,yakult,1
743,pepsodent,1
743,uc_lemon,2
743,uc_orange,2
743,yakult,2
744,pepsodent,4
744,uc_lemon,2
744,uc_orange,3
744,yakult,1
745,pepsodent,3
745,uc_lemon,4
745,uc_orange,2
745,yakult,3
746,pepsodent,1
746,uc_lemon,2
746,uc_orange,1
746,yakult,4
747,pepsodent,0
747,uc_lemon,2
747,uc_orange,0
747,yakult,3
748,pepsodent,4
748,uc_lemon,0
748,uc_orange,0
748,yakult,3
749,pepsodent,4
749,uc_lemon,0
749,uc_orange,3
749,yakult,0
750,pepsodent,1
750,uc_lemon,2
750,uc_orange,0
750,yakult,0
751,pepsodent,0
751,uc_lemon,3
751,uc_orange,2
751,yakult,0
752,pepsodent,1
752,uc_lemon,2
752,uc_orange,3
752,yakult,3
753,pepsodent,2
753,uc_lemon,1
753,uc_orange,3
753,yakult,4
754,pepsodent,3
754,uc_lemon,2
754,uc_orange,3
754,yakult,0
755,pepsodent,1
755,uc_lemon,3
755,uc_orange,1
755,yakult,1
756,pepsodent,2
756,uc_lemon,0
756,uc_orange,1
756,yakult,0
757,pepsodent,0
757,uc_lemon,4
757,uc_orange,3
757,yakult,3
758,pepsodent,1
758,uc_lemon,4
758,uc_orange,0
758,yakult,2
759,pepsodent,1
759,uc_lemon,3
759,uc_orange,1
759,yakult,4
760,pepsodent,1
760,uc_lemon,1
760,uc_orange,4
760,yakult,3
761,pepsodent,1
761,uc_lemon,2
761,uc_orange,3
761,yakult,0
762,pepsodent,2
762,uc_lemon,2
762,uc_orange,3
762,yakult,2
763,pepsodent,3
763,uc_lemon,2
763,uc_orange,3
763,yakult,2
764,pepsodent,1
764,uc_lemon,1
764,uc_orange,1
764,yakult,1
765,pepsodent,2
765,uc_lemon,1
765,uc_orange,3
765,yakult,2
766,pepsodent,1
766,uc_lemon,0
766,uc_orange,1
766,yakult,2
767,pepsodent,0
767,uc_lemon,3
767,uc_orange,2
767,yakult,1
768,pepsodent,3
768,uc_lemon,2
768,uc_orange,2
768,yakult,2
769,pepsodent,2
769,uc_lemon,2
769,uc_orange,3
769,yakult,4
770,pepsodent,2
770,uc_lemon,2
770,uc_orange,0
770,yakult,3
771,pepsodent,3
771,uc_lemon,1
771,uc_orange,3
771,yakult,2
772,pepsodent,4
772,uc_lemon,0
772,uc_orange,0
772,yakult,1
773,pepsodent,2
773,uc_lemon,2
773,uc_orange,0
773,yakult,2
774,pepsodent,0
774,uc_lemon,1
774,uc_orange,2
774,yakult,2
775,pepsodent,3
775,uc_lemon,4
775,uc_orange,0
775,yakult,1
776,pepsodent,2
776,uc_lemon,1
776,uc_orange,1
776,yakult,0
777,pepsodent,2
777,uc_lemon,2
777,uc_orange,3
777,yakult,2
778,pepsodent,2
778,uc_lemon,2
778,uc_orange,4
778,yakult,4
779,pepsodent,3
779,uc_lemon,1
779,uc_orange,0
779,yakult,1
780,pepsodent,4
780,uc_lemon,4
780,uc_orange,2
780,yakult,2
781,pepsodent,1
781,uc_lemon,3
781,uc_orange,4
781,yakult,1
782,pepsodent,1
782,uc_lemon,0
782,uc_orange,3
782,yakult,4
783,pepsodent,3
783,uc_lemon,2
783,uc_orange,4
783,yakult,1
784,pepsodent,4
784,uc_lemon,4
784,uc_orange,4
784,yakult,4
785,pepsodent,0
785,uc_lemon,3
785,uc_orange,3
785,yakult,3
786,pepsodent,0
786,uc_lemon,2
786,uc_orange,0
786,yakult,4
787,pepsodent,4
787,uc_lemon,1
787,uc_orange,4
787,yakult,2
788,pepsodent,3
788,uc_lemon,3
788,uc_orange,2
788,yakult,3
789,pepsodent,1
789,uc_lemon,1
789,uc_orange,0
789,yakult,1
790,pepsodent,3
790,uc_lemon,1
790,uc_orange,3
790,yakult,3
791,pepsodent,1
791,uc_lemon,4
791,uc_orange,3
791,yakult,4
792,pepsodent,1
792,uc_lemon,2
792,uc_orange,1
792,yakult,1
793,pepsodent,4
793,uc_lemon,3
793,uc_orange,0
793,yakult,0
794,pepsodent,0
794,uc_lemon,0
794,uc_orange,3
794,yakult,1
795,pepsodent,1
795,uc_lemon,3
795,uc_orange,4
795,yakult,4
796,pepsodent,3
796,uc_lemon,1
796,uc_orange,1
796,yakult,0
797,pepsodent,3
797,uc_lemon,0
797,uc_orange,3
797,yakult,1
798,pepsodent,4
798,uc_lemon,2
798,uc_orange,0
798,yakult,4
799,pepsodent,1
799,uc_lemon,4
799,uc_orange,3
799,yakult,0
800,pepsodent,2
800,uc_lemon,3
800,uc_orange,1
800,yakult,2
801,pepsodent,0
801,uc_lemon,0
801,uc_orange,4
801,yakult,0
802,pepsodent,1
802,uc_lemon,3
802,uc_orange,0
802,yakult,2
803,pepsodent,3
803,uc_lemon,2
803,uc_orange,3
803,yakult,1
804,pepsodent,3
804,uc_lemon,2
804,uc_orange,2
804,yakult,3
805,pepsodent,0
805,uc_lemon,4
805,uc_orange,1
805,yakult,1
806,pepsodent,4
806,uc_lemon,2
806,uc_orange,1
806,yakult,1
807,pepsodent,4
807,uc_lemon,3
807,uc_orange,0
807,yakult,2
808,pepsodent,1
808,uc_lemon,0
808,uc_orange,3
808,yakult,4
809,pepsodent,4
809,uc_lemon,4
809,uc_orange,0
809,yakult,0
810,pepsodent,0
810,uc_lemon,0
810,uc_orange,2
810,yakult,1
811,pepsodent,1
811,uc_lemon,2
811,uc_orange,0
811,yakult,0
812,pepsodent,4
812,uc_lemon,0
812,uc_orange,0
812,yakult,3
813,pepsodent,4
813,uc_lemon,3
813,uc_orange,4
813,yakult,1
814,pepsodent,1
814,uc_lemon,2
814,uc_orange,3
814,yakult,2
815,pepsodent,3
815,uc_lemon,2
815,uc_orange,1
815,yakult,3
816,pepsodent,2
816,uc_lemon,0
816,uc_orange,4
816,yakult,0
817,pepsodent,0
817,uc_lemon,2
817,uc_orange,3
817,yakult,1
818,pepsodent,2
818,uc_lemon,0
818,uc_orange,1
818,yakult,1
819,pepsodent,2
819,uc_lemon,1
819,uc_orange,3
819,yakult,3
820,pepsodent,2
820,uc_lemon,3
820,uc_orange,0
820,yakult,2
821,pepsodent,1
821,uc_lemon,0
821,uc_orange,4
821,yakult,2
822,pepsodent,4
822,uc_lemon,1
822,uc_orange,2
822,yakult,4
823,pepsodent,0
823,uc_lemon,1
823,uc_orange,2
823,yakult,1
824,pepsodent,1
824,uc_lemon,4
824,uc_orange,1
824,yakult,4
825,pepsodent,4
825,uc_lemon,4
825,uc_orange,4
825,yakult,1
826,pepsodent,1
826,uc_lemon,2
826,uc_orange,4
826,yakult,0
827,pepsodent,3
827,uc_lemon,1
827,uc_orange,0
827,yakult,4
828,pepsodent,0
828,uc_lemon,2
828,uc_orange,1
828,yakult,2
829,pepsodent,4
829,uc_lemon,1
829,uc_orange,4
829,yakult,1
830,pepsodent,0
830,uc_lemon,4
830,uc_orange,2
830,yakult,3
831,pepsodent,4
831,uc_lemon,2
831,uc_orange,1
831,yakult,2
832,pepsodent,2
832,uc_lemon,0
832,uc_orange,3
832,yakult,4
833,pepsodent,2
833,uc_lemon,1
833,uc_orange,2
833,yakult,1
834,pepsodent,2
834,uc_lemon,2
834,uc_orange,2
834,yakult,3
835,pepsodent,1
835,uc_lemon,2
835,uc_orange,1
835,yakult,0
836,pepsodent,4
836,uc_lemon,0
836,uc_orange,1
836,yakult,3
837,pepsodent,4
837,uc_lemon,1
837,uc_orange,0
837,yakult,0
838,pepsodent,0
838,uc_lemon,4
838,uc_orange,4
838,yakult,3
839,pepsodent,1
839,uc_lemon,3
839,uc_orange,3
839,yakult,1
840,pepsodent,0
840,uc_lemon,2
840,uc_orange,4
840,yakult,3
841,pepsodent,0
841,uc_lemon,0
841,uc_orange,2
841,yakult,3
842,pepsodent,2
842,uc_lemon,3
842,uc_orange,1
842,yakult,0
843,pepsodent,3
843,uc_lemon,3
843,uc_orange,2
843,yakult,0
844,pepsodent,3
844,uc_lemon,0
844,uc_orange,4
844,yakult,1
845,pepsodent,2
845,uc_lemon,1
845,uc_orange,3
845,yakult,3
846,pepsodent,1
846,uc_lemon,4
846,uc_orange,2
846,yakult,2
847,pepsodent,1
847,uc_lemon,1
847,uc_orange,2
847,yakult,3
848,pepsodent,4
848,uc_lemon,3
848,uc_orange,2
848,yakult,0
849,pepsodent,4
849,uc_lemon,4
849,uc_orange,0
849,yakult,0
850,pepsodent,2
850,uc_lemon,0
850,uc_orange,1
850,yakult,3
851,pepsodent,1
851,uc_lemon,2
851,uc_orange,3
851,yakult,2
852,pepsodent,3
852,uc_lemon,1
852,uc_orange,1
852,yakult,4
853,pepsodent,3
853,uc_lemon,0
853,uc_orange,2
853,yakult,4
854,pepsodent,4
854,uc_lemon,1
854,uc_orange,4
854,yakult,2
855,pepsodent,2
855,uc_lemon,4
855,uc_orange,0
855,yakult,4
856,pepsodent,2
856,uc_lemon,4
856,uc_orange,2
856,yakult,3
857,pepsodent,2
857,uc_lemon,1
857,uc_orange,3
857,yakult,4
858,pepsodent,3
858,uc_lemon,1
858,uc_orange,1
858,yakult,3
859,pepsodent,0
859,uc_lemon,2
859,uc_orange,2
859,yakult,1
860,pepsodent,2
860,uc_lemon,2
860,uc_orange,0
860,yakult,1
861,pepsodent,1
861,uc_lemon,1
861,uc_orange,3
861,yakult,3
862,pepsodent,3
862,uc_lemon,4
862,uc_orange,3
862,yakult,0
863,pepsodent,3
863,uc_lemon,1
863,uc_orange,4
863,yakult,3
864,pepsodent,0
864,uc_lemon,2
864,uc_orange,1
864,yakult,0
865,pepsodent,3
865,uc_lemon,2
865,uc_orange,4
865,yakult,1
866,pepsodent,2
866,uc_lemon,1
866,uc_orange,2
866,yakult,1
867,pepsodent,0
867,uc_lemon,4
867,uc_orange,2
867,yakult,2
868,pepsodent,3
868,uc_lemon,0
868,uc_orange,4
868,yakult,3
869,pepsodent,1
869,uc_lemon,0
869,uc_orange,0
869,yakult,2
870,pepsodent,1
870,uc_lemon,3
870,uc_orange,1
870,yakult,0
871,pepsodent,4
871,uc_lemon,4
871,uc_orange,4
871,yakult,3
872,pepsodent,3
872,uc_lemon,1
872,uc_orange,2
872,yakult,4
873,pepsodent,4
873,uc_lemon,3
873,uc_orange,0
873,yakult,3
874,pepsodent,4
874,uc_lemon,0
874,uc_orange,4
874,yakult,1
875,pepsodent,2
875,uc_lemon,2
875,uc_orange,2
875,yakult,0
876,pepsodent,2
876,uc_lemon,2
876,uc_orange,2
876,yakult,3
877,pepsodent,4
877,uc_lemon,4
877,uc_orange,2
877,yakult,0
878,pepsodent,0
878,uc_lemon,3
878,uc_orange,4
878,yakult,1
879,pepsodent,3
879,uc_lemon,0
879,uc_orange,0
879,yakult,4
880,pepsodent,2
880,uc_lemon,3
880,uc_orange,1
880,yakult,3
881,pepsodent,0
881,uc_lemon,2
881,uc_orange,3
881,yakult,3
882,pepsodent,2
882,uc_lemon,2
882,uc_orange,3
882,yakult,4
883,pepsodent,4
883,uc_lemon,0
883,uc_orange,0
883,yakult,0
884,pepsodent,1
884,uc_lemon,0
884,uc_orange,1
884,yakult,0
885,pepsodent,2
885,uc_lemon,0
885,uc_orange,4
885,yakult,3
886,pepsodent,1
886,uc_lemon,2
886,uc_orange,0
886,yakult,2
887,pepsodent,3
887,uc_lemon,4
887,uc_orange,3
887,yakult,4
888,pepsodent,2
888,uc_lemon,2
888,uc_orange,4
888,yakult,2
889,pepsodent,3
889,uc_lemon,4
889,uc_orange,1
889,yakult,0
890,pepsodent,0
890,uc_lemon,2
890,uc_orange,4
890,yakult,3
891,pepsodent,3
891,uc_lemon,1
891,uc_orange,0
891,yakult,0
892,pepsodent,1
892,uc_lemon,1
892,uc_orange,4
892,yakult,0
893,pepsodent,0
893,uc_lemon,1
893,uc_orange,4
893,yakult,4
894,pepsodent,4
894,uc_lemon,2
894,uc_orange,0
894,yakult,2
895,pepsodent,1
895,uc_lemon,1
895,uc_orange,4
895,yakult,2
896,pepsodent,0
896,uc_lemon,3
896,uc_orange,1
896,yakult,3
897,pepsodent,4
897,uc_lemon,3
897,uc_orange,1
897,yakult,2
898,pepsodent,1
898,uc_lemon,4
898,uc_orange,0
898,yakult,3
899,pepsodent,2
899,uc_lemon,0
899,uc_orange,2
899,yakult,4
900,pepsodent,2
900,uc_lemon,3
900,uc_orange,1
900,yakult,2
901,pepsodent,3
901,uc_lemon,4
901,uc_orange,3
901,yakult,0
902,pepsodent,0
902,uc_lemon,1
902,uc_orange,0
902,yakult,3
903,pepsodent,4
903,uc_lemon,1
903,uc_orange,4
903,yakult,1
904,pepsodent,1
904,uc_lemon,2
904,uc_orange,2
904,yakult,2
905,pepsodent,1
905,uc_lemon,4
905,uc_orange,0
905,yakult,4
906,pepsodent,3
906,uc_lemon,4
906,uc_orange,3
906,yakult,4
907,pepsodent,0
907,uc_lemon,2
907,uc_orange,0
907,yakult,2
908,pepsodent,1
908,uc_lemon,3
908,uc_orange,2
908,yakult,4
909,pepsodent,3
909,uc_lemon,3
909,uc_orange,2
909,yakult,3
910,pepsodent,0
910,uc_lemon,4
910,uc_orange,1
910,yakult,4
911,pepsodent,4
911,uc_lemon,1
911,uc_orange,2
911,yakult,0
912,pepsodent,1
912,uc_lemon,1
912,uc_orange,2
912,yakult,2
913,pepsodent,1
913,uc_lemon,0
913,uc_orange,0
913,yakult,0
914,pepsodent,0
914,uc_lemon,4
914,uc_orange,4
914,yakult,0
915,pepsodent,4
915,uc_lemon,2
915,uc_orange,2
915,yakult,0
916,pepsodent,0
916,uc_lemon,3
916,uc_orange,0
916,yakult,2
917,pepsodent,3
917,uc_lemon,1
917,uc_orange,0
917,yakult,4
918,pepsodent,3
918,uc_lemon,4
918,uc_orange,4
918,yakult,2
919,pepsodent,0
919,uc_lemon,3
919,uc_orange,4
919,yakult,0
920,pepsodent,1
920,uc_lemon,1
920,uc_orange,1
920,yakult,4
921,pepsodent,4
921,uc_lemon,1
921,uc_orange,1
921,yakult,3
922,pepsodent,2
922,uc_lemon,0
922,uc_orange,3
922,yakult,2
923,pepsodent,1
923,uc_lemon,0
923,uc_orange,3
923,yakult,0
924,pepsodent,2
924,uc_lemon,2
924,uc_orange,4
924,yakult,3
925,pepsodent,0
925,uc_lemon,2
925,uc_orange,0
925,yakult,1
926,pepsodent,2
926,uc_lemon,2
926,uc_orange,4
926,yakult,0
927,pepsodent,3
927,uc_lemon,2
927,uc_orange,3
927,yakult,0
928,pepsodent,0
928,uc_lemon,2
928,uc_orange,0
928,yakult,4
929,pepsodent,1
929,uc_lemon,3
929,uc_orange,4
929,yakult,3
930,pepsodent,1
930,uc_lemon,4
930,uc_orange,4
930,yakult,2
931,pepsodent,4
931,uc_lemon,2
931,uc_orange,4
931,yakult,2
932,pepsodent,2
932,uc_lemon,4
932,uc_orange,1
932,yakult,4
933,pepsodent,3
933,uc_lemon,2
933,uc_orange,2
933,yakult,4
934,pepsodent,4
934,uc_lemon,2
934,uc_orange,3
934,yakult,4
935,pepsodent,0
935,uc_lemon,3
935,uc_orange,3
935,yakult,1
936,pepsodent,2
936,uc_lemon,2
936,uc_orange,4
936,yakult,3
937,pepsodent,3
937,uc_lemon,3
937,uc_orange,1
937,yakult,2
938,pepsodent,4
938,uc_lemon,1
938,uc_orange,4
938,yakult,4
939,pepsodent,0
939,uc_lemon,2
939,uc_orange,2
939,yakult,4
940,pepsodent,0
940,uc_lemon,1
940,uc_orange,1
940,yakult,4
941,pepsodent,1
941,uc_lemon,3
941,uc_orange,1
941,yakult,0
942,pepsodent,0
942,uc_lemon,3
942,uc_orange,0
942,yakult,1
943,pepsodent,3
943,uc_lemon,0
943,uc_orange,0
943,yakult,2
944,pepsodent,2
944,uc_lemon,2
944,uc_orange,1
944,yakult,3
945,pepsodent,2
945,uc_lemon,0
945,uc_orange,2
945,yakult,3
946,pepsodent,3
946,uc_lemon,1
946,uc_orange,2
946,yakult,1
947,pepsodent,4
947,uc_lemon,3
947,uc_orange,4
947,yakult,2
948,pepsodent,1
948,uc_lemon,4
948,uc_orange,4
948,yakult,1
949,pepsodent,1
949,uc_lemon,1
949,uc_orange,3
949,yakult,2
950,pepsodent,3
950,uc_lemon,2
950,uc_orange,3
950,yakult,4
951,pepsodent,0
951,uc_lemon,4
951,uc_orange,0
951,yakult,4
952,pepsodent,1
952,uc_lemon,3
952,uc_orange,0
952,yakult,4
953,pepsodent,2
953,uc_lemon,3
953,uc_orange,4
953,yakult,4
954,pepsodent,0
954,uc_lemon,2
954,uc_orange,0
954,yakult,1
955,pepsodent,4
955,uc_lemon,1
955,uc_orange,0
955,yakult,2
956,pepsodent,3
956,uc_lemon,3
956,uc_orange,0
956,yakult,2
957,pepsodent,3
957,uc_lemon,2
957,uc_orange,2
957,yakult,4
958,pepsodent,2
958,uc_lemon,1
958,uc_orange,2
958,yakult,4
959,pepsodent,2
959,uc_lemon,2
959,uc_orange,0
959,yakult,4
960,pepsodent,3
960,uc_lemon,3
960,uc_orange,3
960,yakult,3
961,pepsodent,0
961,uc_lemon,2
961,uc_orange,0
961,yakult,2
962,pepsodent,3
962,uc_lemon,0
962,uc_orange,3
962,yakult,1
963,pepsodent,2
963,uc_lemon,3
963,uc_orange,3
963,yakult,2
964,pepsodent,1
964,uc_lemon,2
964,uc_orange,4
964,yakult,3
965,pepsodent,1
965,uc_lemon,1
965,uc_orange,4
965,yakult,4
966,pepsodent,0
966,uc_lemon,4
966,uc_orange,3
966,yakult,1
967,pepsodent,4
967,uc_lemon,2
967,uc_orange,3
967,yakult,1
968,pepsodent,1
968,uc_lemon,3
968,uc_orange,2
968,yakult,3
969,pepsodent,0
969,uc_lemon,1
969,uc_orange,4
969,yakult,1
970,pepsodent,1
970,uc_lemon,0
970,uc_orange,3
970,yakult,0
971,pepsodent,1
971,uc_lemon,4
971,uc_orange,1
971,yakult,4
972,pepsodent,4
972,uc_lemon,1
972,uc_orange,2
972,yakult,3
973,pepsodent,1
973,uc_lemon,4
973,uc_orange,1
973,yakult,0
974,pepsodent,0
974,uc_lemon,1
974,uc_orange,2
974,yakult,1
975,pepsodent,3
975,uc_lemon,2
975,uc_orange,0
975,yakult,2
976,pepsodent,1
976,uc_lemon,3
976,uc_orange,3
976,yakult,0
977,pepsodent,3
977,uc_lemon,0
977,uc_orange,1
977,yakult,4
978,pepsodent,0
978,uc_lemon,2
978,uc_orange,3
978,yakult,1
979,pepsodent,4
979,uc_lemon,3
979,uc_orange,0
979,yakult,1
980,pepsodent,1
980,uc_lemon,1
980,uc_orange,3
980,yakult,4
981,pepsodent,0
981,uc_lemon,1
981,uc_orange,4
981,yakult,1
982,pepsodent,1
982,uc_lemon,0
982,uc_orange,4
982,yakult,4
983,pepsodent,2
983,uc_lemon,0
983,uc_orange,2
983,yakult,0
984,pepsodent,1
984,uc_lemon,0
984,uc_orange,4
984,yakult,2
985,pepsodent,1
985,uc_lemon,0
985,uc_orange,1
985,yakult,0
986,pepsodent,4
986,uc_lemon,3
986,uc_orange,1
986,yakult,2
987,pepsodent,0
987,uc_lemon,2
987,uc_orange,0
987,yakult,3
988,pepsodent,3
988,uc_lemon,3
988,uc_orange,1
988,yakult,3
989,pepsodent,0
989,uc_lemon,1
989,uc_orange,0
989,yakult,4
990,pepsodent,3
990,uc_lemon,3
990,uc_orange,4
990,yakult,3
991,pepsodent,3
991,uc_lemon,1
991,uc_orange,3
991,yakult,0
992,pepsodent,2
992,uc_lemon,0
992,uc_orange,4
992,yakult,3
993,pepsodent,1
993,uc_lemon,4
993,uc_orange,1
993,yakult,0
994,pepsodent,4
994,uc_lemon,4
994,uc_orange,2
994,yakult,2
995,pepsodent,4
995,uc_lemon,1
995,uc_orange,3
995,yakult,1
996,pepsodent,1
996,uc_lemon,4
996,uc_orange,3
996,yakult,0
997,pepsodent,1
997,uc_lemon,2
997,uc_orange,2
997,yakult,2
998,pepsodent,2
998,uc_lemon,0
998,uc_orange,3
998,yakult,2
999,pepsodent,1
999,uc_lemon,1
999,uc_orange,2
999,yakult,1
1000,pepsodent,2
1000,uc_lemon,0
1000,uc_orange,3
1000,yakult,2
1001,pepsodent,0
1001,uc_lemon,0
1001,uc_orange,1
1001,yakult,0
1002,pepsodent,3
1002,uc_lemon,4
1002,uc_orange,1
1002,yakult,1
1003,pepsodent,3
1003,uc_lemon,1
1003,uc_orange,4
1003,yakult,4
1004,pepsodent,3
1004,uc_lemon,0
1004,uc_orange,1
1004,yakult,3
1005,pepsodent,4
1005,uc_lemon,0
1005,uc_orange,3
1005,yakult,4
1006,pepsodent,1
1006,uc_lemon,2
1006,uc_orange,4
1006,yakult,0
1007,pepsodent,1
1007,uc_lemon,3
1007,uc_orange,4
1007,yakult,4
1008,pepsodent,0
1008,uc_lemon,3
1008,uc_orange,3
1008,yakult,4
1009,pepsodent,2
1009,uc_lemon,4
1009,uc_orange,3
1009,yakult,0
1010,pepsodent,4
1010,uc_lemon,3
1010,uc_orange,3
1010,yakult,1
1011,pepsodent,0
1011,uc_lemon,4
1011,uc_orange,1
1011,yakult,0
1012,pepsodent,3
1012,uc_lemon,3
1012,uc_orange,4
1012,yakult,2
1013,pepsodent,2
1013,uc_lemon,0
1013,uc_orange,1
1013,yakult,2
1014,pepsodent,4
1014,uc_lemon,1
1014,uc_orange,0
1014,yakult,2
1015,pepsodent,0
1015,uc_lemon,1
1015,uc_orange,1
1015,yakult,3
1016,pepsodent,3
1016,uc_lemon,0
1016,uc_orange,0
1016,yakult,4
1017,pepsodent,3
1017,uc_lemon,3
1017,uc_orange,1
1017,yakult,0
1018,pepsodent,3
1018,uc_lemon,0
1018,uc_orange,3
1018,yakult,1
1019,pepsodent,1
1019,uc_lemon,3
1019,uc_orange,2
1019,yakult,0
1020,pepsodent,4
1020,uc_lemon,4
1020,uc_orange,2
1020,yakult,1
1021,pepsodent,2
1021,uc_lemon,4
1021,uc_orange,4
1021,yakult,1
1022,pepsodent,3
1022,uc_lemon,4
1022,uc_orange,4
1022,yakult,0
1023,pepsodent,0
1023,uc_lemon,0
1023,uc_orange,4
1023,yakult,2
1024,pepsodent,0
1024,uc_lemon,0
1024,uc_orange,1
1024,yakult,3